INSERT INTO Shop (id, name, users_id, category, introduction, status, recent_transaction) VALUES
(2, 'Thermometer Bandage', 2, 'Health', 'anything one line', 'OPEN', '1672747200000'),
(3, 'Screwdriver Hammer', 3, 'Tools', 'anything one line', 'OPEN', '1672833600000'),
(4, 'Shirt Pants', 4, 'Apparel', 'anything one line', 'OPEN', '1672920000000'),
(5, 'Lego Puzzle', 5, 'Toys', 'anything one line', 'OPEN', '1673006400000'),
(6, 'Gloves Ball', 6, 'Sports', 'anything one line', 'OPEN', '1673092800000'),
(7, 'Gloves Ball', 7, 'Sports', 'anything one line', 'OPEN', '1673179200000'),
(8, 'Encyclopedia Magazine', 8, 'Books', 'anything one line', 'OPEN', '1673265600000'),
(9, 'Encyclopedia Novel', 9, 'Books', 'anything one line', 'OPEN', '1673352000000'),
(10, 'Foundation Lipstick', 10, 'Cosmetics', 'anything one line', 'OPEN', '1673438400000'),
(11, 'Screwdriver Hammer', 11, 'Tools', 'anything one line', 'OPEN', '1673524800000'),
(12, 'Novel Encyclopedia', 12, 'Books', 'anything one line', 'OPEN', '1673611200000'),
(13, 'Violin Guitar', 13, 'Instruments', 'anything one line', 'OPEN', '1673697600000'),
(14, 'Television Computer', 14, 'Electronics', 'anything one line', 'OPEN', '1673784000000'),
(15, 'Vitamins Bandage', 15, 'Health', 'anything one line', 'OPEN', '1673870400000'),
(16, 'Bandage Thermometer', 16, 'Health', 'anything one line', 'OPEN', '1673956800000'),
(17, 'Ring Bracelet', 17, 'Jewelry', 'anything one line', 'OPEN', '1674043200000'),
(18, 'Screwdriver Hammer', 18, 'Tools', 'anything one line', 'OPEN', '1674129600000'),
(19, 'Hammer Wrench', 19, 'Tools', 'anything one line', 'OPEN', '1674216000000'),
(20, 'Table Chair', 20, 'Furniture', 'anything one line', 'OPEN', '1674302400000'),
(21, 'Lego Doll', 21, 'Toys', 'anything one line', 'OPEN', '1674388800000'),
(22, 'Foundation Mascara', 22, 'Cosmetics', 'anything one line', 'OPEN', '1674475200000'),
(23, 'Pants Hat', 23, 'Apparel', 'anything one line', 'OPEN', '1674561600000'),
(24, 'Guitar Violin', 24, 'Instruments', 'anything one line', 'OPEN', '1674648000000'),
(25, 'Hat Pants', 25, 'Apparel', 'anything one line', 'OPEN', '1674734400000'),
(26, 'Lipstick Mascara', 26, 'Cosmetics', 'anything one line', 'OPEN', '1674820800000'),
(27, 'Piano Violin', 27, 'Instruments', 'anything one line', 'OPEN', '1674907200000'),
(28, 'Table Chair', 28, 'Furniture', 'anything one line', 'OPEN', '1674993600000'),
(29, 'Pants Shirt', 29, 'Apparel', 'anything one line', 'OPEN', '1675080000000'),
(30, 'Ring Bracelet', 30, 'Jewelry', 'anything one line', 'OPEN', '1675166400000'),
(31, 'Puzzle Doll', 31, 'Toys', 'anything one line', 'OPEN', '1675252800000'),
(32, 'Piano Guitar', 32, 'Instruments', 'anything one line', 'OPEN', '1675339200000'),
(33, 'Lego Puzzle', 33, 'Toys', 'anything one line', 'OPEN', '1675425600000'),
(34, 'Foundation Mascara', 34, 'Cosmetics', 'anything one line', 'OPEN', '1675512000000'),
(35, 'Computer Television', 35, 'Electronics', 'anything one line', 'OPEN', '1675598400000'),
(36, 'Piano Guitar', 36, 'Instruments', 'anything one line', 'OPEN', '1675684800000'),
(37, 'Hammer Wrench', 37, 'Tools', 'anything one line', 'OPEN', '1675771200000'),
(38, 'Computer Phone', 38, 'Electronics', 'anything one line', 'OPEN', '1675857600000'),
(39, 'Encyclopedia Magazine', 39, 'Books', 'anything one line', 'OPEN', '1675944000000'),
(40, 'Thermometer Bandage', 40, 'Health', 'anything one line', 'OPEN', '1676030400000'),
(41, 'Lipstick Mascara', 41, 'Cosmetics', 'anything one line', 'OPEN', '1676116800000'),
(42, 'Couch Chair', 42, 'Furniture', 'anything one line', 'OPEN', '1676203200000'),
(43, 'Doll Lego', 43, 'Toys', 'anything one line', 'OPEN', '1676289600000'),
(44, 'Hammer Screwdriver', 44, 'Tools', 'anything one line', 'OPEN', '1676376000000'),
(45, 'Gloves Racket', 45, 'Sports', 'anything one line', 'OPEN', '1676462400000'),
(46, 'Wrench Hammer', 46, 'Tools', 'anything one line', 'OPEN', '1676548800000'),
(47, 'Lipstick Foundation', 47, 'Cosmetics', 'anything one line', 'OPEN', '1676635200000'),
(48, 'Screwdriver Wrench', 48, 'Tools', 'anything one line', 'OPEN', '1676721600000'),
(49, 'Pants Shirt', 49, 'Apparel', 'anything one line', 'OPEN', '1676808000000'),
(50, 'Phone Television', 50, 'Electronics', 'anything one line', 'OPEN', '1676894400000');

INSERT INTO Item (id, name, content, price, stock, status, shop_id) VALUES
(2, 'couch bookcase bed', 'Control doctor movement door gas.', 27300, 41, 'SALE', 2),
(3, 'bookcase computer chair', 'Certainly night particular produce rule least town reflect.', 58900, 30, 'SALE', 3),
(4, 'table phone bookcase', 'Car fact total fall hair real this.', 49500, 84, 'SALE', 4),
(5, 'couch lamp desk', 'At open down what beautiful price population.', 33700, 47, 'SALE', 5),
(6, 'bed couch computer', 'Religious site indicate out church television.', 18100, 67, 'SALE', 6),
(7, 'television bookcase chair', 'Important so respond left charge wife black themselves.', 46400, 37, 'SALE', 7),
(8, 'lamp computer table', 'Stuff middle majority or recently theory.', 182200, 5, 'SALE', 8),
(9, 'computer couch television', 'End have would civil fund.', 157800, 85, 'SALE', 9),
(10, 'computer table phone', 'Bed feeling kind church it.', 99300, 32, 'SALE', 10),
(11, 'desk table couch', 'Until though country difference character.', 42000, 96, 'SALE', 11),
(12, 'couch chair table', 'Protect total money.', 174400, 93, 'SALE', 12),
(13, 'lamp chair phone', 'Scientist type happen support tree generation.', 116700, 19, 'SALE', 13),
(14, 'bookcase television computer', 'Exactly end PM forward scientist concern.', 180700, 80, 'SALE', 14),
(15, 'chair television desk', 'Yourself city third lay try teacher indicate next.', 81600, 3, 'SALE', 15),
(16, 'bed computer bookcase', 'Box arm entire price add.', 22100, 1, 'SALE', 16),
(17, 'desk couch phone', 'I sister must senior good deep sister.', 174100, 82, 'SALE', 17),
(18, 'lamp bookcase phone', 'Public small security work.', 120100, 26, 'SALE', 18),
(19, 'desk chair couch', 'Hour movie hair future.', 38600, 14, 'SALE', 19),
(20, 'television desk bookcase', 'Federal should total prevent pull.', 147200, 77, 'SALE', 20),
(21, 'chair bookcase television', 'Long part floor.', 79200, 77, 'SALE', 21),
(22, 'lamp computer phone', 'List small discover while.', 123500, 80, 'SALE', 22),
(23, 'phone table lamp', 'Money billion official hotel top source.', 166600, 73, 'SALE', 23),
(24, 'desk bookcase lamp', 'Project just perform mind half pressure.', 63900, 86, 'SALE', 24),
(25, 'couch bookcase bed', 'Employee must today not when though bit.', 114500, 93, 'SALE', 25),
(26, 'phone table bed', 'Across suggest college student.', 57500, 75, 'SALE', 26),
(27, 'television table desk', 'General product with reduce environment chance.', 27500, 39, 'SALE', 27),
(28, 'bookcase lamp table', 'Firm accept indicate bill data dog hand.', 124300, 67, 'SALE', 28),
(29, 'television phone table', 'They story mission Congress team certainly claim.', 67600, 47, 'SALE', 29),
(30, 'computer lamp bookcase', 'Number oil mouth evening official material.', 45800, 70, 'SALE', 30),
(31, 'phone bed table', 'Short attorney course amount before magazine explain professional.', 189900, 5, 'SALE', 31),
(32, 'computer lamp chair', 'Kitchen debate treatment art exist whatever occur.', 105100, 77, 'SALE', 32),
(33, 'computer chair lamp', 'Away adult structure personal water else.', 157400, 14, 'SALE', 33),
(34, 'bed couch lamp', 'Than run think letter.', 52700, 38, 'SALE', 34),
(35, 'bed couch chair', 'Record its paper become.', 48200, 17, 'SALE', 35),
(36, 'couch bed table', 'Share heavy world develop responsibility interview might tree.', 114300, 61, 'SALE', 36),
(37, 'desk couch television', 'Issue you discover study ahead wrong good.', 166600, 94, 'SALE', 37),
(38, 'computer television bookcase', 'Visit quickly whom move then.', 171300, 39, 'SALE', 38),
(39, 'computer phone table', 'Kind manage rest energy heavy.', 16200, 48, 'SALE', 39),
(40, 'lamp phone desk', 'Poor physical third list reason.', 101900, 67, 'SALE', 40),
(41, 'table bed bookcase', 'Deep safe accept job issue bit kid.', 33300, 48, 'SALE', 41),
(42, 'couch table phone', 'Development hour station let yourself.', 156000, 44, 'SALE', 42),
(43, 'chair bookcase couch', 'Provide animal purpose table positive big agency.', 27100, 78, 'SALE', 43),
(44, 'lamp computer couch', 'West close itself teach side president today benefit.', 121000, 20, 'SALE', 44),
(45, 'lamp couch television', 'Know peace entire increase claim.', 57500, 12, 'SALE', 45),
(46, 'bookcase couch computer', 'Road beat whose interview court job blood.', 10100, 2, 'SALE', 46),
(47, 'couch television phone', 'Mother while either enough area.', 160700, 24, 'SALE', 47),
(48, 'bed desk phone', 'Participant letter may.', 172000, 47, 'SALE', 48),
(49, 'phone computer lamp', 'Something but according yet else these.', 158700, 64, 'SALE', 49),
(50, 'desk computer television', 'Surface lose meet sometimes.', 136800, 93, 'SALE', 50);

INSERT INTO image_entity (id, item_id, store_file_name, upload_file_name) VALUES
(4, 2, '/home/images/f1679d1a-1193-41f4-a386-8cd0c3868882', 'f1679d1a-1193-41f4-a386-8cd0c3868882'),
(5, 2, '/home/images/6704c4fd-ff6f-4473-b1c6-5e3fb5858189', '6704c4fd-ff6f-4473-b1c6-5e3fb5858189'),
(6, 2, '/home/images/3a9e8608-f72b-46e8-8824-35f24350683f', '3a9e8608-f72b-46e8-8824-35f24350683f'),
(7, 3, '/home/images/b8eee6b9-92d6-432c-b2c9-4f729058791b', 'b8eee6b9-92d6-432c-b2c9-4f729058791b'),
(8, 3, '/home/images/4eec281e-ded7-4304-9828-96fd70662f3b', '4eec281e-ded7-4304-9828-96fd70662f3b'),
(9, 3, '/home/images/1a753ce5-b8f9-41f3-80e2-5cb603895e3b', '1a753ce5-b8f9-41f3-80e2-5cb603895e3b'),
(10, 4, '/home/images/5222917e-46f5-45a0-9b1b-3c29de195ecf', '5222917e-46f5-45a0-9b1b-3c29de195ecf'),
(11, 4, '/home/images/fd4663ec-5fc8-4eef-84fb-0424e669e0f1', 'fd4663ec-5fc8-4eef-84fb-0424e669e0f1'),
(12, 4, '/home/images/788d506b-270c-4152-b095-c6d27f3c2839', '788d506b-270c-4152-b095-c6d27f3c2839'),
(13, 5, '/home/images/c6252a4e-2d06-4b10-afdc-292156a59dbb', 'c6252a4e-2d06-4b10-afdc-292156a59dbb'),
(14, 5, '/home/images/da016590-5b29-4c67-8909-8d312819e701', 'da016590-5b29-4c67-8909-8d312819e701'),
(15, 5, '/home/images/2db9742a-1d87-495e-9220-323b97f87a5d', '2db9742a-1d87-495e-9220-323b97f87a5d'),
(16, 6, '/home/images/c27e9bc2-3fa3-407d-9e18-e8a42c10417c', 'c27e9bc2-3fa3-407d-9e18-e8a42c10417c'),
(17, 6, '/home/images/e73bee11-44a8-4858-ba71-dfa7c941717b', 'e73bee11-44a8-4858-ba71-dfa7c941717b'),
(18, 6, '/home/images/d93a1c37-0ee6-4cee-a9b2-d8938efcb651', 'd93a1c37-0ee6-4cee-a9b2-d8938efcb651'),
(19, 7, '/home/images/0918da29-f637-4452-89b1-fdba88c7af6d', '0918da29-f637-4452-89b1-fdba88c7af6d'),
(20, 7, '/home/images/9a52fd91-c328-4af0-a11c-e79bb9a42d1d', '9a52fd91-c328-4af0-a11c-e79bb9a42d1d'),
(21, 7, '/home/images/a7db78a7-f773-41b4-9ca9-21996f4eebd7', 'a7db78a7-f773-41b4-9ca9-21996f4eebd7'),
(22, 8, '/home/images/0f5b2554-8af0-4140-9dd7-685398224259', '0f5b2554-8af0-4140-9dd7-685398224259'),
(23, 8, '/home/images/161aea4b-4929-4e40-a982-20966e89d26e', '161aea4b-4929-4e40-a982-20966e89d26e'),
(24, 8, '/home/images/34744009-d9d8-4617-9373-9d1c704154b1', '34744009-d9d8-4617-9373-9d1c704154b1'),
(25, 9, '/home/images/ed383c57-8339-40df-9af4-fcd7818572b7', 'ed383c57-8339-40df-9af4-fcd7818572b7'),
(26, 9, '/home/images/5d5eee17-d0bc-4b25-a907-79c8f9288aef', '5d5eee17-d0bc-4b25-a907-79c8f9288aef'),
(27, 9, '/home/images/0443d3b0-2f09-4e93-b162-ab763890cf7a', '0443d3b0-2f09-4e93-b162-ab763890cf7a'),
(28, 10, '/home/images/3586bcbe-49f1-4768-8927-c85fc81975f8', '3586bcbe-49f1-4768-8927-c85fc81975f8'),
(29, 10, '/home/images/9543df6e-923c-44ed-8e6c-589885552464', '9543df6e-923c-44ed-8e6c-589885552464'),
(30, 10, '/home/images/7647b160-2080-4599-986c-4c2a9a47606d', '7647b160-2080-4599-986c-4c2a9a47606d'),
(31, 11, '/home/images/c95221a4-7eed-49de-b0ef-296e85fef33d', 'c95221a4-7eed-49de-b0ef-296e85fef33d'),
(32, 11, '/home/images/d169ad53-07fb-47f9-8b63-bca62b22a554', 'd169ad53-07fb-47f9-8b63-bca62b22a554'),
(33, 11, '/home/images/7ca0cd71-c17a-47bb-a40f-7a63926d10d7', '7ca0cd71-c17a-47bb-a40f-7a63926d10d7'),
(34, 12, '/home/images/3afcb392-da83-4cb8-901e-1ee29b5c4746', '3afcb392-da83-4cb8-901e-1ee29b5c4746'),
(35, 12, '/home/images/1edbea32-2b01-48f5-b41a-222008c302d2', '1edbea32-2b01-48f5-b41a-222008c302d2'),
(36, 12, '/home/images/6d0d4846-ef0f-4e8a-8540-90f5f9e9fb65', '6d0d4846-ef0f-4e8a-8540-90f5f9e9fb65'),
(37, 13, '/home/images/a8f7a8c1-2c38-4dfb-a4dc-f37ee0d92bb9', 'a8f7a8c1-2c38-4dfb-a4dc-f37ee0d92bb9'),
(38, 13, '/home/images/06266781-6a7c-429e-9367-da30754761d4', '06266781-6a7c-429e-9367-da30754761d4'),
(39, 13, '/home/images/0420e4ef-b86d-4fe7-82ec-0f95269bea79', '0420e4ef-b86d-4fe7-82ec-0f95269bea79'),
(40, 14, '/home/images/67243cad-d817-49c7-afb4-1e6b3ff51a1d', '67243cad-d817-49c7-afb4-1e6b3ff51a1d'),
(41, 14, '/home/images/95456692-ac9d-49f1-8e31-f62aedd3b335', '95456692-ac9d-49f1-8e31-f62aedd3b335'),
(42, 14, '/home/images/efeef151-5761-4774-9c99-6327a613aadf', 'efeef151-5761-4774-9c99-6327a613aadf'),
(43, 15, '/home/images/275af62f-e337-4bb9-8270-8f8e05a38adb', '275af62f-e337-4bb9-8270-8f8e05a38adb'),
(44, 15, '/home/images/4af0cd1b-04ec-4635-b88c-23416fbda9bf', '4af0cd1b-04ec-4635-b88c-23416fbda9bf'),
(45, 15, '/home/images/d6ddf2af-a6bd-4d37-8dc1-4a44de014d4c', 'd6ddf2af-a6bd-4d37-8dc1-4a44de014d4c'),
(46, 16, '/home/images/b9dde11a-a6b0-4b13-832e-bea392a4a498', 'b9dde11a-a6b0-4b13-832e-bea392a4a498'),
(47, 16, '/home/images/4162cc54-1d2f-4039-b02c-1e7305e4aecc', '4162cc54-1d2f-4039-b02c-1e7305e4aecc'),
(48, 16, '/home/images/dda674be-3926-4488-b1cf-0d0a15b8446f', 'dda674be-3926-4488-b1cf-0d0a15b8446f'),
(49, 17, '/home/images/a5f00229-a4b0-4edb-8cee-7fd014d50f6e', 'a5f00229-a4b0-4edb-8cee-7fd014d50f6e'),
(50, 17, '/home/images/b1d3c80f-1c08-48cf-947b-96889bcccc0a', 'b1d3c80f-1c08-48cf-947b-96889bcccc0a'),
(51, 17, '/home/images/cadf8ef1-48f1-4cd0-b5e2-a6ba5bb06cd7', 'cadf8ef1-48f1-4cd0-b5e2-a6ba5bb06cd7'),
(52, 18, '/home/images/26353e7c-fb95-41ec-97b7-40256b987be1', '26353e7c-fb95-41ec-97b7-40256b987be1'),
(53, 18, '/home/images/832e4f06-7d87-4879-aac8-d57203362b57', '832e4f06-7d87-4879-aac8-d57203362b57'),
(54, 18, '/home/images/2fa0b928-f399-40c4-9ef8-28c8bccba896', '2fa0b928-f399-40c4-9ef8-28c8bccba896'),
(55, 19, '/home/images/5f0f7ded-c60c-42f1-b293-d09df9434f97', '5f0f7ded-c60c-42f1-b293-d09df9434f97'),
(56, 19, '/home/images/be2f6269-5fac-42c8-8687-dc472703baa7', 'be2f6269-5fac-42c8-8687-dc472703baa7'),
(57, 19, '/home/images/07815cdd-870f-4f80-8621-8d22ef78873f', '07815cdd-870f-4f80-8621-8d22ef78873f'),
(58, 20, '/home/images/3f921002-ca2e-406e-83a3-fd06f85f7d76', '3f921002-ca2e-406e-83a3-fd06f85f7d76'),
(59, 20, '/home/images/01ddcba4-f474-49d1-a01a-9a74fdb783f0', '01ddcba4-f474-49d1-a01a-9a74fdb783f0'),
(60, 20, '/home/images/d52f774d-25e3-48ae-b941-017c7b52107e', 'd52f774d-25e3-48ae-b941-017c7b52107e'),
(61, 21, '/home/images/dd5f5a51-e2ef-489c-a6a3-37ec0726375e', 'dd5f5a51-e2ef-489c-a6a3-37ec0726375e'),
(62, 21, '/home/images/b07db755-7b46-44db-b1f2-b84699f1486b', 'b07db755-7b46-44db-b1f2-b84699f1486b'),
(63, 21, '/home/images/8c41c190-847c-4e90-a2f8-a25b4846d3ae', '8c41c190-847c-4e90-a2f8-a25b4846d3ae'),
(64, 22, '/home/images/e127dbce-7699-4755-9c6a-64e43b1e3abb', 'e127dbce-7699-4755-9c6a-64e43b1e3abb'),
(65, 22, '/home/images/2e65a1eb-9f8e-491c-9b1e-b94830aa8e68', '2e65a1eb-9f8e-491c-9b1e-b94830aa8e68'),
(66, 22, '/home/images/5aa43db5-f9cc-4990-925b-607342456bba', '5aa43db5-f9cc-4990-925b-607342456bba'),
(67, 23, '/home/images/6d2a65a3-c50d-46bf-b8be-488a41ca13cc', '6d2a65a3-c50d-46bf-b8be-488a41ca13cc'),
(68, 23, '/home/images/1cec9152-997a-4801-a672-c8029b8a3d8b', '1cec9152-997a-4801-a672-c8029b8a3d8b'),
(69, 23, '/home/images/60d974e8-2174-4074-84a8-ce889f5d69a3', '60d974e8-2174-4074-84a8-ce889f5d69a3'),
(70, 24, '/home/images/ee3e8aa4-c2cc-4dd0-9c88-2b6998fb1788', 'ee3e8aa4-c2cc-4dd0-9c88-2b6998fb1788'),
(71, 24, '/home/images/66f690fb-a6a6-4c06-aeb5-47aef8fc8411', '66f690fb-a6a6-4c06-aeb5-47aef8fc8411'),
(72, 24, '/home/images/a4538bed-da89-48f9-a81a-5ec7a2cfb30b', 'a4538bed-da89-48f9-a81a-5ec7a2cfb30b'),
(73, 25, '/home/images/35a9db9f-7476-4236-b5e1-efb60b359f0e', '35a9db9f-7476-4236-b5e1-efb60b359f0e'),
(74, 25, '/home/images/e1687942-c542-4a96-970e-089f07c45cf1', 'e1687942-c542-4a96-970e-089f07c45cf1'),
(75, 25, '/home/images/63ea87bf-31ff-43da-9a03-6faf92747fc7', '63ea87bf-31ff-43da-9a03-6faf92747fc7'),
(76, 26, '/home/images/e7cdcc87-db29-4555-bb00-c37de10c8607', 'e7cdcc87-db29-4555-bb00-c37de10c8607'),
(77, 26, '/home/images/76b0fbb2-b518-41bd-8abb-15bf1aa4cbcb', '76b0fbb2-b518-41bd-8abb-15bf1aa4cbcb'),
(78, 26, '/home/images/1285b76f-266e-43d2-91da-895b6b809b7e', '1285b76f-266e-43d2-91da-895b6b809b7e'),
(79, 27, '/home/images/321390e8-f43c-48b4-a7c9-f17c8a0e235a', '321390e8-f43c-48b4-a7c9-f17c8a0e235a'),
(80, 27, '/home/images/b76a193e-cc7e-4295-b534-df70572d2dd4', 'b76a193e-cc7e-4295-b534-df70572d2dd4'),
(81, 27, '/home/images/89711a46-3bb4-45eb-9ae0-14b0deec24fc', '89711a46-3bb4-45eb-9ae0-14b0deec24fc'),
(82, 28, '/home/images/cfa3b532-35af-4ab4-877d-8b32b7a9c9a4', 'cfa3b532-35af-4ab4-877d-8b32b7a9c9a4'),
(83, 28, '/home/images/01bdb743-5dd2-4370-95db-6822a8940720', '01bdb743-5dd2-4370-95db-6822a8940720'),
(84, 28, '/home/images/05f76882-aa5b-4fc4-ba13-1228556ae031', '05f76882-aa5b-4fc4-ba13-1228556ae031'),
(85, 29, '/home/images/e77c0a0e-f0a3-4e5e-9851-b3001ea56c2b', 'e77c0a0e-f0a3-4e5e-9851-b3001ea56c2b'),
(86, 29, '/home/images/ec302259-9f64-4f93-8a90-a1d028d4d23d', 'ec302259-9f64-4f93-8a90-a1d028d4d23d'),
(87, 29, '/home/images/8895b029-85fd-405a-84ad-da63ddcf09e2', '8895b029-85fd-405a-84ad-da63ddcf09e2'),
(88, 30, '/home/images/ca526a63-15ca-4e0d-b9bf-5ae82dad680c', 'ca526a63-15ca-4e0d-b9bf-5ae82dad680c'),
(89, 30, '/home/images/a619e4ff-c1da-436b-a627-e859acb7fa7f', 'a619e4ff-c1da-436b-a627-e859acb7fa7f'),
(90, 30, '/home/images/f19fc450-6002-408b-be33-9bdb4154f105', 'f19fc450-6002-408b-be33-9bdb4154f105'),
(91, 31, '/home/images/2d05714f-59f9-419b-ace3-89161fba772f', '2d05714f-59f9-419b-ace3-89161fba772f'),
(92, 31, '/home/images/0e3d7f27-ecdd-4f79-a07d-fee2eeb16350', '0e3d7f27-ecdd-4f79-a07d-fee2eeb16350'),
(93, 31, '/home/images/567a97ab-1511-40d9-babb-4a685a142ca3', '567a97ab-1511-40d9-babb-4a685a142ca3'),
(94, 32, '/home/images/eedb4c45-e88d-4d7e-95ae-fb3f9b507fef', 'eedb4c45-e88d-4d7e-95ae-fb3f9b507fef'),
(95, 32, '/home/images/45a38aa7-261f-41de-b5db-78d321ef84eb', '45a38aa7-261f-41de-b5db-78d321ef84eb'),
(96, 32, '/home/images/97d4bd23-45d1-4def-b201-e7eca415e500', '97d4bd23-45d1-4def-b201-e7eca415e500'),
(97, 33, '/home/images/5ac070b4-e153-48f0-9c6d-2f91615a0174', '5ac070b4-e153-48f0-9c6d-2f91615a0174'),
(98, 33, '/home/images/8c6b02a8-2810-4117-868b-e761c0671133', '8c6b02a8-2810-4117-868b-e761c0671133'),
(99, 33, '/home/images/3eeed0da-2712-4fbb-86a4-41ead9366cd1', '3eeed0da-2712-4fbb-86a4-41ead9366cd1'),
(100, 34, '/home/images/d73c222c-d00d-4de2-88ea-d8b85751fd43', 'd73c222c-d00d-4de2-88ea-d8b85751fd43'),
(101, 34, '/home/images/236f6360-9b43-4c2d-b689-ceaf86d02637', '236f6360-9b43-4c2d-b689-ceaf86d02637'),
(102, 34, '/home/images/70f250cc-ee87-4532-98ef-44a4ea59ec0c', '70f250cc-ee87-4532-98ef-44a4ea59ec0c'),
(103, 35, '/home/images/d551c142-a1f5-4f22-96d6-d5dd9f6d6e18', 'd551c142-a1f5-4f22-96d6-d5dd9f6d6e18'),
(104, 35, '/home/images/79c77a2b-b9aa-4677-93a7-799d9799cc18', '79c77a2b-b9aa-4677-93a7-799d9799cc18'),
(105, 35, '/home/images/cc978664-6572-46a8-af06-679ea031564a', 'cc978664-6572-46a8-af06-679ea031564a'),
(106, 36, '/home/images/e5fcd818-98b0-48c9-b12d-f559ea0d75be', 'e5fcd818-98b0-48c9-b12d-f559ea0d75be'),
(107, 36, '/home/images/024e170d-3be0-4c31-b757-222f2e16a900', '024e170d-3be0-4c31-b757-222f2e16a900'),
(108, 36, '/home/images/ae95c0cf-2342-4896-a5f1-e425fa4142ad', 'ae95c0cf-2342-4896-a5f1-e425fa4142ad'),
(109, 37, '/home/images/cfaabed0-1285-4752-9565-b3364bf1fb3f', 'cfaabed0-1285-4752-9565-b3364bf1fb3f'),
(110, 37, '/home/images/228c676d-8aba-4d95-bfc4-fc407f936777', '228c676d-8aba-4d95-bfc4-fc407f936777'),
(111, 37, '/home/images/bad8f5d7-91c9-47b0-9301-293b500d7718', 'bad8f5d7-91c9-47b0-9301-293b500d7718'),
(112, 38, '/home/images/5373708d-47c7-40a4-8b5d-98fbb69a333b', '5373708d-47c7-40a4-8b5d-98fbb69a333b'),
(113, 38, '/home/images/42dc5b68-5396-48c1-9759-f6159c9e0e99', '42dc5b68-5396-48c1-9759-f6159c9e0e99'),
(114, 38, '/home/images/bd1d5f56-2787-48e2-a5c6-e92c52e03943', 'bd1d5f56-2787-48e2-a5c6-e92c52e03943'),
(115, 39, '/home/images/4ae71505-b779-4cf8-ac34-b567d0513fa3', '4ae71505-b779-4cf8-ac34-b567d0513fa3'),
(116, 39, '/home/images/740732fc-e7d0-4bc1-a0ec-5f7a4e9240df', '740732fc-e7d0-4bc1-a0ec-5f7a4e9240df'),
(117, 39, '/home/images/6359fd87-680d-48f4-9cd0-8f684921d6ee', '6359fd87-680d-48f4-9cd0-8f684921d6ee'),
(118, 40, '/home/images/e14817a3-4cdb-4114-8bdd-3fa92fc6aa59', 'e14817a3-4cdb-4114-8bdd-3fa92fc6aa59'),
(119, 40, '/home/images/9475bc94-403b-4f00-b512-0c8b64987246', '9475bc94-403b-4f00-b512-0c8b64987246'),
(120, 40, '/home/images/78ff4daa-1d84-4c85-bf05-b5403cf6266e', '78ff4daa-1d84-4c85-bf05-b5403cf6266e'),
(121, 41, '/home/images/5e8b81d7-9caa-49dc-9082-2ed15f76f5be', '5e8b81d7-9caa-49dc-9082-2ed15f76f5be'),
(122, 41, '/home/images/93070e48-71f0-415f-8ccc-a59e39780438', '93070e48-71f0-415f-8ccc-a59e39780438'),
(123, 41, '/home/images/c4b392db-8012-406a-89d2-d0626edb1d41', 'c4b392db-8012-406a-89d2-d0626edb1d41'),
(124, 42, '/home/images/b8a65bb7-89a5-4e8b-b0b6-d4a3ae8e1659', 'b8a65bb7-89a5-4e8b-b0b6-d4a3ae8e1659'),
(125, 42, '/home/images/f25d3f1c-340e-4842-8103-8df95ec766a9', 'f25d3f1c-340e-4842-8103-8df95ec766a9'),
(126, 42, '/home/images/885650ca-9598-4edd-8967-63d41d759e5f', '885650ca-9598-4edd-8967-63d41d759e5f'),
(127, 43, '/home/images/0318e9e6-bc96-41f8-a9fe-313906c63b7f', '0318e9e6-bc96-41f8-a9fe-313906c63b7f'),
(128, 43, '/home/images/064114ea-dd0b-41f1-a93b-3c4765cca7a3', '064114ea-dd0b-41f1-a93b-3c4765cca7a3'),
(129, 43, '/home/images/15cc8db3-6e83-44e2-a4f7-a0c087922914', '15cc8db3-6e83-44e2-a4f7-a0c087922914'),
(130, 44, '/home/images/00fa5575-cd56-4d11-8d40-1e84f838d1aa', '00fa5575-cd56-4d11-8d40-1e84f838d1aa'),
(131, 44, '/home/images/0136b31f-345e-41ac-bef8-ce9c037c76e4', '0136b31f-345e-41ac-bef8-ce9c037c76e4'),
(132, 44, '/home/images/379722e4-1eee-47f5-b8ba-8cb3cd3f5795', '379722e4-1eee-47f5-b8ba-8cb3cd3f5795'),
(133, 45, '/home/images/3631252d-e7a7-4fac-8fe6-3e349e12ccb2', '3631252d-e7a7-4fac-8fe6-3e349e12ccb2'),
(134, 45, '/home/images/c8e936be-278a-43d5-994e-f41ee51278dc', 'c8e936be-278a-43d5-994e-f41ee51278dc'),
(135, 45, '/home/images/d945c935-fa5a-43ec-8ba3-a612be295ac0', 'd945c935-fa5a-43ec-8ba3-a612be295ac0'),
(136, 46, '/home/images/ef79585c-8de6-47e6-8bbb-83cf0fe6b77c', 'ef79585c-8de6-47e6-8bbb-83cf0fe6b77c'),
(137, 46, '/home/images/4c4c0103-361a-4fd7-be0d-9ee3c1bc6aec', '4c4c0103-361a-4fd7-be0d-9ee3c1bc6aec'),
(138, 46, '/home/images/6e0a39c0-d502-4b71-8ff9-72d1d97fde6a', '6e0a39c0-d502-4b71-8ff9-72d1d97fde6a'),
(139, 47, '/home/images/0a07a664-40ab-4b1e-bcd0-5ef84396324b', '0a07a664-40ab-4b1e-bcd0-5ef84396324b'),
(140, 47, '/home/images/681a180c-d8e7-4ffd-a3ef-65748eeddd68', '681a180c-d8e7-4ffd-a3ef-65748eeddd68'),
(141, 47, '/home/images/9967ec8f-b632-490f-b4d9-a62a4327c158', '9967ec8f-b632-490f-b4d9-a62a4327c158'),
(142, 48, '/home/images/0dbc101c-58ae-4248-98f1-b6fc246fe00f', '0dbc101c-58ae-4248-98f1-b6fc246fe00f'),
(143, 48, '/home/images/1ef38b6e-40ad-4cef-a0f4-d4904a0d81c9', '1ef38b6e-40ad-4cef-a0f4-d4904a0d81c9'),
(144, 48, '/home/images/384143f0-d122-4fcb-83c0-d190dd954bff', '384143f0-d122-4fcb-83c0-d190dd954bff'),
(145, 49, '/home/images/ee759016-3294-4b89-924c-788b1041c232', 'ee759016-3294-4b89-924c-788b1041c232'),
(146, 49, '/home/images/842ca825-61d3-4fee-a199-ec6f313cd919', '842ca825-61d3-4fee-a199-ec6f313cd919'),
(147, 49, '/home/images/c5297525-f2e2-44ce-880a-9a1a566dbc43', 'c5297525-f2e2-44ce-880a-9a1a566dbc43'),
(148, 50, '/home/images/768e8eae-8b12-4559-92bd-2021df095e24', '768e8eae-8b12-4559-92bd-2021df095e24'),
(149, 50, '/home/images/2a99be9d-8380-4b52-bc56-32a9c67706a4', '2a99be9d-8380-4b52-bc56-32a9c67706a4'),
(150, 50, '/home/images/59e0594a-f4f2-4969-931e-b5794621be0d', '59e0594a-f4f2-4969-931e-b5794621be0d');